"Class Name","HastTest","#Bugs","#Blocker","#Critical","#Major","#Normal","#Minor","#Trivial","WMC","CBO","RFC","Ca","Ce","LOC","Qi","FANIN","d(LOC,FANIN)","d(Qi,FANIN)","d(WMC,FANIN)","d( WMC,CBO)","d(Qi,CBO)","d(LOC, CBO)","d(LOC, Ce)","d(LOC, Ca)","d(WMC, Ce)","d(WMC, Ca)","Risk1","TLOC"
"org.apache.tools.zip.ZipShort","1","0","0","0","0","0","0","0","7","7","8","7","0","89","0.964827736798882","4","4166.64013","383","394.12942","253.66316","236","4155.70656","4149.14762","4155.64989","99.36799999999999","252.73306","0","32"
"org.apache.tools.zip.ZipOutputStream","0","0","0","0","0","0","0","0","25","8","99","5","3","1445","0.1081262681112","3","2819.27384","384.00104","391.25567","246.67793","235.00169","2802.86889","2793.18331","2803.03728","81.5414","248.58399","0",""
"org.apache.tools.zip.ZipLong","1","0","0","0","0","0","0","0","7","3","8","3","0","147","0.964827736798882","4","4108.88914","383","394.12942","257.38881","240","4098.0338","4091.14972","4097.97535","99.36799999999999","256.45662","0","34"
"org.apache.tools.zip.ZipFile","0","0","0","0","0","0","0","0","15","8","71","4","5","616","0.886367405356067","5","3642.08841","382.00002","391.34256","249.89998","235.00003","3629.61554","3622.12424","3629.81101","90.13878","252.72317","0",""
"org.apache.tools.zip.ZipExtraField","0","0","0","0","0","0","0","0","6","5","6","4","1","6","1","2","4249.47632","385","396.30922","255.8906","238","4238.68706","4232.13658","4238.68706","99.95999","255.8906","0",""
"org.apache.tools.zip.ZipEntry","1","0","0","0","0","0","0","0","31","8","77","5","3","615","0.656588357367656","4","3643.18789","383.00015","389.16577","244.9204","235.00025","3630.61345","3623.14132","3630.74345","76.05919","246.84003","0","74"
"org.apache.tools.zip.UnrecognizedExtraField","0","0","0","0","0","0","0","0","10","3","13","1","2","76","0.952571427009912","2","4179.76901","385","395.37956","256.32011","240","4168.91401","4162.13082","4168.9717","95.85927","257.25668","0",""
"org.apache.tools.zip.UnixStat","0","0","0","0","0","0","0","0","0","1","0","1","0","7","1","0","4248.66214","387","399.71115","261.84728","242","4237.91517","4231.14476","4237.85819","105.9481","260.92336","0",""
"org.apache.tools.zip.ExtraFieldUtils","1","0","0","0","0","0","0","0","8","4","39","1","3","377","0.916059540759976","1","3880.24703","386.00001","396.8123","256.09569","239.00001","3868.3901","3861.13261","3868.51419","97.40637","257.96318","0","71"
"org.apache.tools.zip.AsiExtraField","1","0","0","0","0","0","0","0","20","4","42","0","4","376","0.709856727542029","1","3881.24207","386.00011","394.20299","252.03373","239.00018","3869.38819","3862.12442","3869.57465","85.79627000000001","254.88036","0","95"
"org.apache.tools.tar.TarUtils","0","0","0","0","0","0","0","0","8","1","14","1","0","271","0.851980537760279","2","3985.63847","385.00003","395.83961","258.89766","242.00005","3974.37454","3967.1544","3974.31378","98.43272","257.96318","0",""
"org.apache.tools.tar.TarOutputStream","0","0","0","0","0","0","0","0","15","3","37","1","2","437","0.585269996967392","2","3820.4484","385.00022","394.27148","254.60754","240.00036","3808.56942","3801.14325","3808.63256","91.18114","255.55039","0",""
"org.apache.tools.tar.TarInputStream","0","0","0","0","0","0","0","0","16","3","41","1","2","559","0.556086440397647","2","3699.08989","385.00026","394.0571","254.27544","240.00041","3686.8199","3679.148","3686.88514","90.24965","255.21951","0",""
"org.apache.tools.tar.TarEntry","1","0","0","0","0","0","0","0","35","6","73","4","2","790","0.277609923127892","4","3469.20639","383.00068","388.47651","245.75191","237.0011","3456.13556","3448.15791","3456.20428","72.89718999999999","246.71644","0","8"
"org.apache.tools.tar.TarConstants","0","0","0","0","0","0","0","0","0","1","0","1","0","24","1","0","4231.7331","387","399.71115","261.84728","242","4220.94302","4214.14535","4220.88581","105.9481","260.92336","0",""
"org.apache.tools.tar.TarBuffer","0","0","0","0","0","0","0","0","21","2","35","2","0","617","0.8540420491520671","3","3641.3043","384.00003","392.04209","253.61782","241.00004","3629.01116","3621.16915","3628.94489","86.40602","252.66777","0",""
"org.apache.tools.mail.SmtpResponseReader","0","0","0","0","0","0","0","0","5","1","19","1","0","108","0.959650106661314","1","4147.99904","386","397.51855","259.97885","242","4137.084","4130.1483","4137.02562","101.24228","259.04826","0",""
"org.apache.tools.mail.MailPrintStream","0","0","0","0","0","0","0","0","5","1","9","1","0","81","0.961085241757237","2","4174.79029","385","396.5476","259.97885","242","4164.03806","4157.14734","4163.98007","101.24228","259.04826","0",""
"org.apache.tools.mail.MailMessage","1","0","0","0","0","0","0","0","31","5","68","2","3","624","0.209682070070687","3","3634.34341","384.00081","390.14997","247.80032","238.00131","3621.82827","3614.14167","3621.96024","76.05919","249.72185","0","554"
"org.apache.tools.mail.ErrorInQuitException","0","0","0","0","0","0","0","0","1","1","3","1","0","6","0.994897959183673","1","4249.56704","386","398.49341","261.46702","242","4238.91354","4232.14473","4238.85657","105.00476","260.54174","0",""
"org.apache.tools.bzip2.CRC","0","0","0","0","0","0","0","0","7","2","8","2","0","1082","0.964802363288381","3","3179.27539","384","395.10125","258.32151","241","3165.1883","3156.19407","3165.11232","99.36799999999999","257.38881","0",""
"org.apache.tools.bzip2.CBZip2OutputStream","0","0","0","0","0","0","0","0","33","6","44","2","4","4238","0.207031499870224","3","384","384.00082","389.80123","246.28845","237.00133","237","31","240","73.82411999999999","249.17664","0",""
"org.apache.tools.bzip2.CBZip2InputStream","0","0","0","0","0","0","0","0","32","4","40","2","2","2011","0.442999564186157","3","2259.86393","384.0004","389.97436","248.48541","239.00065","2239.78794","2227.24449","2239.89486","75.58439","249.44739","0",""
"org.apache.tools.bzip2.BZip2Constants","0","0","0","0","0","0","0","0","1","2","1","2","0","2064","1","0","2208.17685","387","399.46214","260.54174","241","2187.31731","2174.28172","2187.20735","105.00476","259.61703","0",""
"org.apache.tools.ant.XmlLogger","0","2","0","1","0","1","0","0","16","13","74","0","13","635","0.7319047419119989","1","3623.61767","386.00009","395.03418","244.85914","230.00016","3610.33364","3603.06717","3611.11797","86.83317","256.16401","8",""
"org.apache.tools.ant.util.WeakishReference","0","0","0","0","0","0","0","0","5","3","13","1","2","91","0.990576131697806","1","4164.92557","386","397.51855","258.11819","240","4153.93897","4147.1313","4153.99687","100.56838","259.04826","0",""
"org.apache.tools.ant.util.Watchdog","0","0","0","0","0","0","0","0","7","3","22","3","1","112","0.95495744121401","3","4143.83059","384","395.10125","257.38881","240","4132.97423","4126.14008","4132.91628","99.0202","256.45662","0",""
"org.apache.tools.ant.util.UnPackageNameMapper","1","0","0","0","0","0","0","0","2","1","6","0","1","20","0.994897959183673","1","4235.6251","386","398.24616","261.09002","242","4224.93645","4218.13703","4224.93645","103.73042","261.09002","0","15"
"org.apache.tools.ant.util.Tokenizer","0","0","0","0","0","0","0","0","2","5","2","5","0","2","1","0","4253.64138","387","399.21548","257.38687","238","4242.68076","4236.14459","4242.62478","104.06248","256.46247","0",""
"org.apache.tools.ant.util.TimeoutObserver","0","0","0","0","0","0","0","0","1","3","1","3","1","1","1","0","4254.63723","387","399.46214","259.61703","240","4243.79182","4237.13642","4243.73538","104.67569","258.69287","0",""
"org.apache.tools.ant.util.TeeOutputStream","0","0","0","0","0","0","0","0","6","1","12","1","0","62","0.969775571346569","3","4193.61801","384","395.33783","259.6151","242","4183.0061","4176.14667","4182.94836","100.30454","258.6832","0",""
"org.apache.tools.ant.util.TaskLogger","0","0","0","0","0","0","0","0","6","1","8","0","1","43","0.898150963504504","0","4212.81307","387.00001","398.25243","259.6151","242.00002","4201.97442","4195.13778","4201.97442","99.95999","259.6151","0",""
"org.apache.tools.ant.util.StringUtils","1","0","0","0","0","0","0","0","6","14","24","14","0","116","0.964751618269217","9","4139.29559","378","389.51252","247.54192","229","4128.35621","4122.14859","4128.30086","100.30454","246.61711","0","29"
"org.apache.tools.ant.util.SourceFileScanner","0","0","0","0","0","0","0","0","4","13","18","6","7","137","0.7189162056271839","7","4118.56783","380.0001","391.93877","249.23082","230.00017","4107.44458","4101.09559","4107.78493","100","254.77834","0",""
"org.apache.tools.ant.util.ScriptRunner","0","1","0","0","0","1","0","0","8","3","38","0","3","233","0.936385460607857","3","4023.36687","384.00001","394.86707","257.02918","240.00001","4012.18457","4005.12784","4012.3047","97.40637","258.89766","3",""
"org.apache.tools.ant.util.ResourceUtils","1","0","0","0","0","0","0","0","2","7","22","2","5","222","0.877314914849185","2","4034.4121","385.00002","397.27698","255.53865","236.00003","4022.92829","4016.11205","4023.16492","102.48902","259.23734","0","24"
"org.apache.tools.ant.util.RegexpPatternMapper","0","0","0","0","0","0","0","0","5","4","20","0","4","145","0.936799027067999","1","4111.16103","386.00001","397.51855","257.18865","239.00001","4099.97195","4093.11739","4100.14792","99.92998","259.97885","0",""
"org.apache.tools.ant.util.regexp.RegexpUtil","0","0","0","0","0","0","0","0","3","0","4","0","0","20","0.9898219491878379","6","4235.17237","381","393.15391","261.6448","243","4224.99385","4218.14521","4224.93645","103.12129","260.71632","0",""
"org.apache.tools.ant.util.regexp.RegexpMatcherFactory","0","0","0","0","0","0","0","0","5","6","12","3","3","86","0.918985912051008","5","4169.53571","382.00001","393.63562","255.33116","237.00001","4158.75859","4152.12331","4158.87304","100.2447","257.18865","0",""
"org.apache.tools.ant.util.regexp.RegexpMatcher","1","0","0","0","0","0","0","0","6","11","6","10","1","10","1","6","4245.13192","381","392.42452","250.3198","232","4234.3604","4228.13671","4234.3604","99.95999","250.3198","0","144"
"org.apache.tools.ant.util.regexp.RegexpFactory","0","0","0","0","0","0","0","0","4","6","13","1","5","83","0.918539569188959","2","4172.79882","385.00001","396.78836","255.70491","237.00001","4161.75372","4155.1083","4161.98342","100.57833","259.41665","0",""
"org.apache.tools.ant.util.regexp.Regexp","1","0","0","0","0","0","0","0","1","8","1","6","2","3","1","3","4252.37357","384","396.55643","255.00196","235","4241.51506","4235.12857","4241.57058","104.35516","255.92382","0","32"
"org.apache.tools.ant.util.PackageNameMapper","1","0","0","0","0","0","0","0","2","1","6","0","1","20","0.994897959183673","1","4235.6251","386","398.24616","261.09002","242","4224.93645","4218.13703","4224.93645","103.73042","261.09002","0","15"
"org.apache.tools.ant.util.MergingMapper","0","0","0","0","0","0","0","0","4","4","5","3","1","24","0.984771837202186","2","4231.55066","385","396.78836","257.5597","239","4220.77209","4214.13716","4220.77209","101.84302","257.5597","0",""
"org.apache.tools.ant.util.LoaderUtils","1","0","0","0","0","0","0","0","8","6","21","3","3","70","0.957388662937572","7","4185.28661","380","390.97826","254.23021","237","4174.73269","4168.12284","4174.8467","97.40637","256.09569","0","13"
"org.apache.tools.ant.util.LineTokenizer","0","0","0","0","0","0","0","0","4","6","10","4","2","125","0.92947958546184","3","4130.88671","384.00001","395.81814","255.70491","237.00001","4119.82257","4113.13238","4119.88022","101.51355","256.63203","0",""
"org.apache.tools.ant.util.LazyHashtable","0","0","0","0","0","0","0","0","9","0","16","0","0","60","0.916523929850702","1","4195.79313","386.00001","396.58164","259.48025","243.00001","4185.06069","4178.1466","4185.00275","97.49872000000001","258.544","0",""
"org.apache.tools.ant.util.LazyFileOutputStream","1","0","0","0","0","0","0","0","10","1","22","1","0","117","0.9094130561520291","2","4138.94503","385.00001","395.37956","258.19373","242.00002","4128.09944","4121.14863","4128.04094","96.56604","257.25668","0","36"
"org.apache.tools.ant.util.KeepAliveOutputStream","0","0","0","0","0","0","0","0","2","0","3","0","0","7","0.9898219491878379","1","4248.57117","386","398.24616","262.01718","243","4237.97239","4231.14476","4237.91517","104.06248","261.09002","0",""
"org.apache.tools.ant.util.KeepAliveInputStream","0","0","0","0","0","0","0","0","2","1","3","1","0","7","0.9898219491878379","2","4248.48043","385","397.27698","261.09002","242","4237.91517","4231.14476","4237.85819","104.06248","260.16341","0",""
"org.apache.tools.ant.util.JAXPUtils","1","0","0","0","0","0","0","0","13","5","32","3","2","158","0.932991932435825","8","4097.56525","379.00001","388.8573","253.40284","238.00001","4086.93577","4080.13345","4086.99413","93.04837000000001","254.34229","0","16"
"org.apache.tools.ant.util.JavaEnvUtils","1","0","0","0","0","0","0","0","11","17","26","16","2","362","0.847675381476975","24","3892.96096","363.00003","373.75125","242.89298","226.00005","3882.58316","3876.14048","3882.58316","94.92102","242.89298","0","89"
"org.apache.tools.ant.util.IdentityMapper","0","0","0","0","0","0","0","0","4","6","5","5","1","16","0.984771837202186","0","4239.69964","387","398.72923","255.70491","237","4228.64671","4222.1369","4228.64671","101.84302","255.70491","0",""
"org.apache.tools.ant.util.GlobPatternMapper","1","0","0","0","0","0","0","0","5","5","15","4","1","137","0.883856507049484","2","4119.03217","385.00002","396.5476","256.25963","238.00003","4107.90032","4101.14094","4107.90032","100.90094","256.25963","0","59"
"org.apache.tools.ant.util.FlatFileNameMapper","0","0","0","0","0","0","0","0","4","2","7","1","1","20","0.984771837202186","0","4235.71635","387","398.72923","259.41665","241","4224.87929","4218.13703","4224.87929","101.84302","259.41665","0",""
"org.apache.tools.ant.util.FileUtils","1","1","0","0","1","0","0","0","37","51","146","46","8","2046","0.385821818190412","64","2215.66988","323.00058","329.08661","202.07177","192.00098","2200.39269","2192.16628","2200.74533","68.54196","205.87618","4","305"
"org.apache.tools.ant.util.FileNameMapper","0","0","0","0","0","0","0","0","3","23","3","23","0","3","1","7","4252.01423","380","392.18491","240.43502","220","4240.71044","4235.14463","4240.65868","103.12129","239.52035","0",""
"org.apache.tools.ant.util.facade.ImplementationSpecificArgument","1","0","0","0","0","0","0","0","3","6","6","5","1","25","0.987296893195012","4","4230.37327","383","395.09239","256.08202","237","4219.66089","4213.13719","4219.66089","102.78619","256.08202","0","29"
"org.apache.tools.ant.util.facade.FacadeTaskHelper","1","0","0","0","0","0","0","0","9","3","19","2","1","119","0.935518231154247","5","4136.6756","382.00001","392.68944","256.67294","240.00001","4125.98606","4119.14032","4125.98606","97.14422","256.67294","0","31"
"org.apache.tools.ant.util.DOMElementWriter","1","0","0","0","0","0","0","0","8","1","42","1","0","485","0.775526726451273","8","3772.08828","379.00007","390.00641","258.89766","242.0001","3760.7942","3753.1632","3760.72998","98.43272","257.96318","0","62"
"org.apache.tools.ant.util.DateUtils","1","0","0","0","0","0","0","0","11","3","36","3","0","314","0.931062098226025","7","3942.35666","380.00001","390.28323","255.9707","240.00001","3931.3326","3924.15609","3931.27168","95.63472","255.03333","0","53"
"org.apache.tools.ant.util.CollectionUtils","1","0","0","0","0","0","0","0","4","3","13","3","0","86","0.9252756513190999","5","4169.53571","382.00001","393.87815","258.48791","240.00001","4158.93063","4152.14752","4158.87304","102.18121","257.5597","0","67"
"org.apache.tools.ant.util.ClasspathUtils","1","0","0","0","0","0","0","0","11","8","27","2","7","218","0.245803696075459","3","4038.29865","384.00074","394.17889","251.28868","235.00121","4026.86292","4020.09751","4027.15781","93.30059","255.9707","0","28"
"org.apache.tools.ant.UnknownElement","0","4","0","0","1","2","1","0","28","26","89","17","14","817","1.22783904179473E-5","42","3438.35222","345.00145","352.43297","228.63289","217.0023","3427.87544","3421.06445","3428.39117","75","236.23929","12",""
"org.apache.tools.ant.types.ZipScanner","0","0","0","0","0","0","0","0","9","7","50","2","5","348","0.760729588626697","3","3908.90726","384.00007","394.63527","252.93675","236.00012","3897.15229","3890.11568","3897.39657","95.81753","256.67294","0",""
"org.apache.tools.ant.types.ZipFileSet","1","1","0","0","1","0","0","0","19","14","45","4","10","458","0.00452628326698261","17","3798.0653","370.00134","378.76246","242.90327","229.00216","3786.93029","3780.08267","3787.48518","84.77028","251.40605","4","75"
"org.apache.tools.ant.types.XMLCatalog","1","1","0","0","0","1","0","0","30","15","109","4","13","929","0.000569153644178375","7","3330.74781","380.00131","386.39358","238.50367","228.00219","3316.84564","3309.07313","3317.54804","73.37575","248.08063","3","291"
"org.apache.tools.ant.types.Substitution","0","0","0","0","0","0","0","0","4","6","17","2","4","70","0.917160985057476","4","4185.56006","383.00001","394.84807","255.70491","237.00001","4174.73269","4168.11528","4174.90407","100.88112","258.48791","0",""
"org.apache.tools.ant.types.selectors.TypeSelector","1","0","0","0","0","0","0","0","6","9","22","4","5","105","0.870202463194061","9","4150.24975","378.00002","389.51252","252.17454","234.00004","4139.61894","4133.10888","4139.84698","98.67117","255.8906","0","42"
"org.apache.tools.ant.types.selectors.SizeSelector","1","0","0","0","0","0","0","0","8","11","28","5","6","366","0.840522221494503","9","3890.40718","378.00003","389.0347","249.57564","232.00005","3878.94419","3872.1086","3879.24645","96.46243","254.23021","0","141"
"org.apache.tools.ant.types.selectors.SelectSelector","0","0","0","0","0","0","0","0","13","11","34","5","7","199","0.0768392860592147","8","4056.74278","379.00112","388.8573","247.77611","232.00184","4045.65755","4039.09705","4045.94736","91.39475","252.46386","0",""
"org.apache.tools.ant.types.selectors.SelectorUtils","0","0","0","0","0","0","0","0","17","6","42","5","1","936","0.352569452797117","6","3323.90809","381.00055","389.93589","251.11352","237.00088","3310.49437","3302.17504","3310.49437","89.69392000000001","251.11352","0",""
"org.apache.tools.ant.types.selectors.SelectorScanner","0","0","0","0","0","0","0","0","3","3","3","2","1","3","1","1","4252.55464","386","398.00126","258.86097","240","4241.79502","4235.13648","4241.79502","102.78619","258.86097","0",""
"org.apache.tools.ant.types.selectors.SelectorContainer","0","0","0","0","0","0","0","0","24","23","24","3","20","24","1","0","4231.7331","387","394.39194","232.75738","220","4219.73885","4214.0267","4220.77209","77.46612","250.79274","0",""
"org.apache.tools.ant.types.selectors.PresentSelector","1","0","0","0","0","0","0","0","7","14","26","5","9","199","0.403994823769817","2","4057.30773","385.00046","396.07323","247.16391","229.00078","4045.48662","4039.08368","4045.94736","96.56604","254.59379","0","97"
"org.apache.tools.ant.types.selectors.OrSelector","0","0","0","0","0","0","0","0","3","6","14","5","2","52","0.55342995522204","5","4203.39387","382.00026","394.12308","256.08202","237.00042","4192.70378","4186.13007","4192.70378","102.45975","256.08202","0",""
"org.apache.tools.ant.types.selectors.NotSelector","0","0","0","0","0","0","0","0","3","7","11","5","3","37","0.665108607867181","8","4218.0614","379.00015","391.21605","255.15681","236.00024","4207.62368","4201.12187","4207.67988","102.14206","256.08202","0",""
"org.apache.tools.ant.types.selectors.NoneSelector","0","0","0","0","0","0","0","0","3","7","14","6","2","52","0.55342995522204","6","4203.30311","381.00026","393.15391","255.15681","236.00042","4192.64737","4186.13007","4192.64737","102.45975","255.15681","0",""
"org.apache.tools.ant.types.selectors.modifiedselector.PropertiesfileCache","0","1","0","0","1","0","0","0","12","2","42","1","1","236","0.890745154214162","2","4020.47622","385.00002","394.92911","256.56383","241.00002","4009.24993","4002.14443","4009.24993","94.33981","256.56383","4",""
"org.apache.tools.ant.types.selectors.modifiedselector.ModifiedSelector","0","1","0","0","1","0","0","0","18","21","71","5","16","661","0.66815725943961","10","3596.8122","377.00015","385.81472","236.66009","222.00025","3583.88239","3577.05046","3584.84281","84.17243999999999","250.78477","4",""
"org.apache.tools.ant.types.selectors.modifiedselector.HashvalueAlgorithm","0","1","0","0","1","0","0","0","4","1","13","0","1","45","0.974671613230881","0","4210.82154","387","398.72923","260.34592","242","4199.97774","4193.13785","4199.97774","101.84302","260.34592","4",""
"org.apache.tools.ant.types.selectors.modifiedselector.EqualComparator","0","1","0","0","1","0","0","0","3","1","5","1","0","24","0.974593919200333","0","4231.7331","387","398.97118","260.71632","242","4220.94302","4214.14535","4220.88581","103.12129","259.78838","4",""
"org.apache.tools.ant.types.selectors.modifiedselector.DigestAlgorithm","0","1","0","0","1","0","0","0","7","3","25","1","2","211","0.966046146310331","1","4045.45733","386","397.04534","257.38881","240","4034.14539","4027.13521","4034.205","98.68131","258.32151","4",""
"org.apache.tools.ant.types.selectors.modifiedselector.Cache","0","1","0","0","1","0","0","0","7","2","7","2","0","7","1","1","4248.57117","386","397.04534","258.32151","241","4237.85819","4231.14476","4237.80143","99.36799999999999","257.38881","4",""
"org.apache.tools.ant.types.selectors.modifiedselector.Algorithm","0","1","0","0","1","0","0","0","2","3","2","3","0","2","1","1","4253.55052","386","398.24616","259.23734","240","4242.79342","4236.14459","4242.73697","104.06248","258.31183","4",""
"org.apache.tools.ant.types.selectors.MappingSelector","0","0","0","0","0","0","0","0","7","10","23","2","8","139","0.410340292205992","3","4116.94753","384.00045","395.10125","250.87447","233.00075","4105.61688","4099.08892","4106.02009","96.84007","257.38881","0",""
"org.apache.tools.ant.types.selectors.MajoritySelector","0","0","0","0","0","0","0","0","4","6","15","5","2","83","0.550606333001519","5","4172.5231","382.00026","393.87815","255.70491","237.00043","4161.75372","4155.13104","4161.75372","101.51355","255.70491","0",""
"org.apache.tools.ant.types.selectors.FileSelector","0","0","0","0","0","0","0","0","1","16","1","15","1","1","1","3","4254.36541","384","396.55643","247.64895","227","4243.07648","4237.13642","4243.07648","104.67569","247.64895","0",""
"org.apache.tools.ant.types.selectors.FilenameSelector","1","0","0","0","0","0","0","0","8","10","23","5","5","198","0.772037285118943","9","4057.64513","378.00007","389.0347","250.50549","233.00011","4046.71336","4040.11138","4046.94564","96.76776","254.23021","0","65"
"org.apache.tools.ant.types.selectors.ExtendSelector","0","0","0","0","0","0","0","0","10","17","36","5","12","253","0.10627629111401","3","4003.45863","384.00104","394.40588","243.26118","226.00177","3991.40339","3985.06637","3992.04133","92.89241","253.51331","0",""
"org.apache.tools.ant.types.selectors.ExtendFileSelector","0","0","0","0","0","0","0","0","0","4","0","2","2","0","1","0","4255.63309","387","399.71115","259.07721","239","4244.7338","4238.12848","4244.79022","105.30432","260","0",""
"org.apache.tools.ant.types.selectors.DifferentSelector","0","0","0","0","0","0","0","0","3","7","14","4","3","92","0.987543086154313","0","4164.02269","387","398.97118","255.15681","236","4152.7114","4146.12349","4152.82554","102.14206","257.00778","0",""
"org.apache.tools.ant.types.selectors.DepthSelector","1","0","0","0","0","0","0","0","7","9","26","5","4","263","0.859148188362144","9","3992.93238","378.00003","389.2724","251.80349","234.00004","3981.88159","3975.12088","3982.05902","98.03061","254.59379","0","101"
"org.apache.tools.ant.types.selectors.DependSelector","1","0","0","0","0","0","0","0","3","9","11","5","4","76","0.954704247379918","0","4179.95371","387","398.97118","253.30811","234","4168.5729","4162.11545","4168.74238","101.8332","256.08202","0","112"
"org.apache.tools.ant.types.selectors.DateSelector","1","0","0","0","0","0","0","0","11","12","38","5","7","394","0.794676133712487","9","3862.54061","378.00006","388.33619","247.55201","231.00009","3850.93456","3844.10198","3851.29913","93.30059","253.16003","0","171"
"org.apache.tools.ant.types.selectors.ContainsSelector","1","0","0","0","0","0","0","0","8","11","30","5","6","299","0.842091440992921","9","3957.09553","378.00003","389.0347","249.57564","232.00005","3945.82628","3939.10675","3946.12341","96.46243","254.23021","0","68"
"org.apache.tools.ant.types.selectors.ContainsRegexpSelector","0","0","0","0","0","0","0","0","6","14","29","5","9","224","0.830050406236215","9","4031.75892","378.00004","389.51252","247.54192","229.00006","4020.52696","4014.0842","4020.99055","97.52948000000001","254.96078","0",""
"org.apache.tools.ant.types.selectors.BaseSelectorContainer","0","0","0","0","0","0","0","0","28","23","45","6","23","204","0.550007494943783","18","4050.84152","369.00027","375.95877","231.48218","220.00046","4039.99455","4034.01785","4040.89743","72.99315","246.73873","0",""
"org.apache.tools.ant.types.selectors.BaseSelector","1","0","0","0","0","0","0","0","6","18","8","15","3","39","0.942478172163382","15","4215.446","372","383.69259","243.84626","225.00001","4205.0239","4199.12193","4205.13139","99.29752999999999","245.6929","0","145"
"org.apache.tools.ant.types.selectors.BaseExtendSelector","0","0","0","0","0","0","0","0","4","12","5","8","4","18","0.984771837202186","7","4237.07446","380","391.93877","250.15395","231","4226.31766","4220.11386","4226.4827","100.88112","252.92687","0",""
"org.apache.tools.ant.types.selectors.AndSelector","0","0","0","0","0","0","0","0","3","6","14","5","2","52","0.55342995522204","5","4203.39387","382.00026","394.12308","256.08202","237.00042","4192.70378","4186.13007","4192.70378","102.45975","256.08202","0",""
"org.apache.tools.ant.types.ResourceLocation","0","0","0","0","0","0","0","0","7","5","8","5","0","47","0.969775571346569","4","4208.46409","383","394.12942","255.52495","238","4197.75237","4191.14614","4197.6958","99.36799999999999","254.59379","0",""
"org.apache.tools.ant.types.ResourceFactory","0","0","0","0","0","0","0","0","1","5","1","4","1","1","1","0","4254.63723","387","399.46214","257.76928","238","4243.67918","4237.13642","4243.67918","104.67569","257.76928","0",""
"org.apache.tools.ant.types.Resource","0","0","0","0","0","0","0","0","14","8","19","8","0","138","0.823241575228426","7","4117.5721","380.00004","389.61006","250.24188","235.00007","4106.72923","4100.14939","4106.67213","92.84934","249.30303","0",""
"org.apache.tools.ant.types.resolver.ApacheCatalogResolver","0","1","0","0","0","0","1","0","7","7","32","1","7","128","0.864397831332121","0","4128.17987","387.00002","398.01759","253.66316","236.00004","4116.77009","4110.09538","4117.05975","97.12363000000001","258.32151","2",""
"org.apache.tools.ant.types.resolver.ApacheCatalog","0","0","0","0","0","0","0","0","4","6","14","1","6","96","0.994897959183673","1","4159.94712","386","397.75872","255.70491","237","4148.77488","4142.10152","4149.0053","100.2846","259.41665","0",""
"org.apache.tools.ant.types.RegularExpression","0","1","0","0","0","1","0","0","6","11","23","4","7","95","0.824746021093517","5","4160.57364","382.00004","393.39548","250.3198","232.00007","4149.49069","4143.09462","4149.83048","98.08159999999999","255.8906","3",""
"org.apache.tools.ant.types.Reference","0","1","0","0","1","0","0","0","5","35","11","33","2","54","0.942894609023004","21","4199.97762","366","378.12829","228.66788","208.00001","4189.16698","4184.13014","4189.21675","100.56838","229.57787","4",""
"org.apache.tools.ant.types.PropertySet","1","0","0","0","0","0","0","0","17","19","67","6","13","468","0.0574808463375393","2","3789.6075","385.00115","393.84515","238.88282","224.00198","3776.64878","3770.06419","3777.37951","85.86617","250.16994","0","17"
"org.apache.tools.ant.types.Permissions","1","0","0","0","0","0","0","0","12","6","34","3","4","367","0.949882739113819","5","3889.80269","382","392.0051","252.81021","237.00001","3878.24832","3871.12413","3878.37105","93.30059","254.68608","0","100"
"org.apache.tools.ant.types.PatternSet","1","0","0","0","0","0","0","0","22","12","68","7","6","677","0.386693148493939","5","3581.43058","382.00049","389.88203","243.81345","231.00081","3568.48455","3561.11808","3568.74572","83.21657999999999","247.60654","0","152"
"org.apache.tools.ant.types.Path","1","0","0","0","0","0","0","0","30","51","102","40","13","1238","0.00971734052574225","91","3014.5673","296.00166","304.16443","204.36242","192.00255","3006.13772","3000.08067","3006.79298","73.37575","213.78494","0","467"
"org.apache.tools.ant.types.Parameterizable","0","0","0","0","0","0","0","0","1","5","1","4","1","1","1","1","4254.54639","386","398.49341","257.76928","238","4243.67918","4237.13642","4243.67918","104.67569","257.76928","0",""
"org.apache.tools.ant.types.Parameter","0","0","0","0","0","0","0","0","7","24","8","24","0","43","0.969775571346569","1","4212.72133","386","397.04534","237.92856","219","4200.71256","4195.146","4200.66054","99.36799999999999","237.00844","0",""
"org.apache.tools.ant.types.Mapper","1","0","0","0","0","0","0","0","11","16","42","7","9","291","0.0450077616971748","14","3964.58548","373.00122","383.47099","243.82371","227.00201","3953.52223","3947.08563","3953.98963","92.72001","251.28868","0","172"
"org.apache.tools.ant.types.FlexInteger","1","0","0","0","0","0","0","0","3","0","7","0","0","19","0.984771837202186","0","4236.71217","387","398.97118","261.6448","243","4225.99219","4219.14517","4225.93481","103.12129","260.71632","0","34"
"org.apache.tools.ant.types.FilterSetCollection","0","0","0","0","0","0","0","0","5","6","13","5","1","69","0.959803913174829","3","4186.64747","384","395.57679","255.33116","237","4175.73107","4169.13864","4175.73107","100.90094","255.33116","0",""
"org.apache.tools.ant.types.FilterSet","1","0","0","0","0","0","0","0","20","11","71","7","6","698","0.604606359182037","5","3560.55108","382.0002","390.28707","245.40579","232.00034","3547.59411","3540.11878","3547.79157","85.09407","248.24383","0","118"
"org.apache.tools.ant.types.FilterChain","0","0","0","0","0","0","0","0","25","32","38","5","27","189","0.862162259366539","1","4067.3575","386.00002","393.21877","223.93303","211.00005","4054.49405","4049.0079","4055.93023","75.42546","248.58399","0",""
"org.apache.tools.ant.types.FileSet","1","0","0","0","0","0","0","0","3","32","9","28","4","23","0.204194770537024","13","4231.56011","374.00085","386.37417","232.22834","211.0015","4220.27795","4215.114","4220.42901","101.8332","234.95744","0","8"
"org.apache.tools.ant.types.FileList","1","0","0","0","0","0","0","0","8","11","33","6","5","181","0.414587503438375","2","4075.22686","385.00045","395.83961","249.57564","232.00074","4063.62806","4057.11092","4063.85839","96.76776","253.29824","0","99"
"org.apache.tools.ant.types.Environment","0","0","0","0","0","0","0","0","3","7","9","5","2","47","0.974671613230881","6","4208.28255","381","393.15391","255.15681","236","4197.63946","4191.12992","4197.6958","102.45975","256.08202","0",""
"org.apache.tools.ant.types.EnumeratedAttribute","1","0","0","0","0","0","0","0","8","59","14","58","1","87","0.977248135249384","61","4163.78157","326","338.73293","205.71825","184","4155.07605","4151.13924","4155.07605","98.08159999999999","205.71825","0","51"
"org.apache.tools.ant.types.DTDLocation","0","0","0","0","0","0","0","0","1","1","2","0","1","4","1","0","4251.64968","387","399.46214","261.46702","242","4240.91028","4234.13651","4240.91028","104.67569","261.46702","0",""
"org.apache.tools.ant.types.DirSet","1","0","0","0","0","0","0","0","3","9","9","5","4","23","0.206803372666869","3","4232.45567","384.00082","396.06186","253.30811","234.00134","4221.49038","4215.114","4221.65773","101.8332","256.08202","0","32"
"org.apache.tools.ant.types.Description","1","0","0","0","0","0","0","0","5","9","24","1","9","137","0.974998220856367","2","4119.03217","385","396.5476","252.54901","234","4107.67051","4101.08242","4108.07522","98.49365","259.04826","0","25"
"org.apache.tools.ant.types.DataType","0","0","0","0","0","0","0","0","15","24","29","20","4","169","0.892928993695283","23","4085.24871","364.00002","373.79272","234.91701","219.00003","4074.8892","4069.11809","4075.05153","90.47651999999999","237.71622","0",""
"org.apache.tools.ant.types.CommandlineJava","1","0","0","0","0","0","0","0","35","12","79","2","11","487","0.0037512392693072","16","3769.30259","371.00134","376.65103","239.97083","231.00215","3758.10617","3751.07678","3758.67011","69.28925","248.64634","0","120"
"org.apache.tools.ant.types.Commandline","1","0","0","0","0","0","0","0","30","31","65","29","4","634","0.612501566300813","75","3617.47979","312.00024","319.75616","223.2577","212.00035","3610.22991","3604.13332","3610.28877","76.55717","224.20749","0","91"
"org.apache.tools.ant.types.Assertions","1","0","0","0","0","0","0","0","12","11","38","2","10","224","0.839529484532235","14","4031.29322","373.00003","383.24013","248.129","232.00006","4020.69894","4014.07785","4021.16849","91.48224","255.62472","0","51"
"org.apache.tools.ant.types.AntFilterReader","0","0","0","0","0","0","0","0","10","9","31","2","7","166","0.116941733081898","1","4090.25427","386.00101","396.35338","250.71099","234.00167","4078.71794","4072.09627","4079.06656","94.25497","256.32011","0",""
"org.apache.tools.ant.types.AbstractFileSet","1","0","0","0","0","0","0","0","50","55","123","25","30","918","0.00163563729731931","20","3340.2229","367.00136","370.39033","194.53534","188.00265","3325.31863","3320.00377","3327.08416","50.24938","222.68588","0","196"
"org.apache.tools.ant.TypeAdapter","0","0","0","0","0","0","0","0","5","7","5","6","1","5","1","5","4250.20152","382","393.63562","254.40322","236","4239.57368","4233.13654","4239.57368","100.90094","254.40322","0",""
"org.apache.tools.ant.taskdefs.Zip","1","0","0","0","0","0","0","0","38","31","169","3","28","2236","0.102315696574298","6","2037.93155","381.00106","386.01166","220.88006","212.0019","2013.19348","2002.01224","2016.21551","62.39391","246.91092","0","86"
"org.apache.tools.ant.taskdefs.XSLTProcess","0","1","0","0","0","0","1","0","30","19","93","1","19","949","0.00101719264433294","14","3310.08308","373.00134","379.51153","234.68276","224.00223","3296.61903","3289.03892","3297.81776","71.80529","250.96016","2",""
"org.apache.tools.ant.taskdefs.XSLTLoggerAware","0","0","0","0","0","0","0","0","1","2","1","1","1","1","1","1","4254.54639","386","398.49341","260.54174","241","4243.84849","4237.13642","4243.84849","104.67569","260.54174","0",""
"org.apache.tools.ant.taskdefs.XSLTLogger","0","0","0","0","0","0","0","0","1","2","1","2","0","1","1","1","4254.54639","386","398.49341","260.54174","241","4243.84849","4237.14456","4243.79182","105.00476","259.61703","0",""
"org.apache.tools.ant.taskdefs.XSLTLiaison2","0","0","0","0","0","0","0","0","1","2","1","1","2","1","1","1","4254.54639","386","398.49341","260.54174","241","4243.84849","4237.12851","4243.84849","104.35516","260.54174","0",""
"org.apache.tools.ant.taskdefs.XSLTLiaison","0","0","0","0","0","0","0","0","3","2","3","2","0","4","1","1","4251.55877","386","398.00126","259.78838","241","4240.85333","4234.14466","4240.79662","103.12129","258.86097","0",""
"org.apache.tools.ant.taskdefs.XmlProperty","1","0","0","0","0","0","0","0","28","6","80","0","6","777","0.0197867937248334","3","3482.23736","384.00125","390.69169","247.69538","237.00203","3469.10507","3461.12149","3469.45024","77.62087","252.48366","0","215"
"org.apache.tools.ant.taskdefs.WhichResource","0","0","0","0","0","0","0","0","8","6","28","0","6","221","0.0744531056068917","3","4035.31226","384.00112","394.86707","254.23021","237.00181","4023.98534","4017.10468","4024.28292","96.46243","258.89766","0",""
"org.apache.tools.ant.taskdefs.War","1","0","0","0","0","0","0","0","10","10","33","0","10","165","0.5951306625031429","4","4090.96786","383.00021","393.43233","249.7779","233.00035","4079.65905","4073.07672","4080.18296","93.40770999999999","258.19373","0","16"
"org.apache.tools.ant.taskdefs.WaitFor","0","0","0","0","0","0","0","0","7","6","18","0","6","139","0.955013917848399","0","4117.22844","387","398.01759","254.59379","237","4105.84583","4099.10258","4106.13748","97.41663","259.2547","0",""
"org.apache.tools.ant.taskdefs.UpToDate","0","0","0","0","0","0","0","0","11","14","39","1","13","332","0.169443938041207","3","3924.83019","384.0009","394.17889","245.68679","229.00151","3912.70712","3906.06196","3913.42778","91.67879000000001","256.90854","0",""
"org.apache.tools.ant.taskdefs.Untar","1","0","0","0","0","0","0","0","4","8","26","0","8","125","0.972407231527965","1","4131.07311","386","397.75872","253.85232","235","4119.708","4113.08862","4120.11323","99.72462","260.34592","0","55"
"org.apache.tools.ant.taskdefs.Unpack","0","0","0","0","0","0","0","0","10","7","26","2","5","162","0.841752231351188","3","4094.04836","384.00003","394.40588","252.5787","236.00005","4082.82647","4076.1104","4083.05964","94.86833","256.32011","0",""
"org.apache.tools.ant.taskdefs.Typedef","1","0","0","0","0","0","0","0","1","3","2","2","1","4","1","0","4251.64968","387","399.46214","259.61703","240","4240.79662","4234.13651","4240.79662","104.67569","259.61703","0","38"
"org.apache.tools.ant.taskdefs.Tstamp","1","0","0","0","0","0","0","0","6","6","26","1","6","134","0.980211586079142","4","4121.83272","383","394.36658","254.96078","237","4110.83751","4104.10246","4111.07006","98.37174","258.6832","0","57"
"org.apache.tools.ant.taskdefs.Transform","0","0","0","0","0","0","0","0","1","1","2","0","1","4","1","0","4251.64968","387","399.46214","261.46702","242","4240.91028","4234.13651","4240.91028","104.67569","261.46702","0",""
"org.apache.tools.ant.taskdefs.Touch","1","0","0","0","0","0","0","0","8","10","39","0","10","330","0.754230689872206","3","3926.8206","384.00008","394.86707","250.50549","233.00013","3914.93972","3908.07996","3915.48567","95.33625000000001","258.89766","0","75"
"org.apache.tools.ant.taskdefs.TempFile","0","0","0","0","0","0","0","0","6","5","15","0","5","75","0.868376728038448","2","4180.76476","385.00002","396.30922","255.8906","238.00004","4169.79772","4163.10809","4170.02794","98.67117","259.6151","0",""
"org.apache.tools.ant.taskdefs.TaskOutputStream","0","0","0","0","0","0","0","0","3","1","10","0","1","67","0.989860664238944","1","4188.82287","386","398.00126","260.71632","242","4178.01448","4171.13857","4178.01448","102.78619","260.71632","0",""
"org.apache.tools.ant.taskdefs.Taskdef","1","0","0","0","0","0","0","0","2","2","8","0","2","37","0.9898219491878379","0","4218.78774","387","399.21548","260.16341","241","4207.90708","4201.12961","4207.96447","103.40696","261.09002","0","45"
"org.apache.tools.ant.taskdefs.Tar","1","0","0","0","0","0","0","0","12","17","87","0","17","687","0.781956415082776","3","3571.70226","384.00006","393.95431","242.52835","226.00011","3558.18451","3551.04562","3559.23658","89.82205","257.5034","0","74"
"org.apache.tools.ant.taskdefs.Sync","0","0","0","0","0","0","0","0","15","8","49","1","8","463","0.155125898925379","14","3793.38292","373.00096","382.56241","249.89998","235.00152","3782.3075","3775.09656","3782.68503","89.18519999999999","255.55039","0",""
"org.apache.tools.ant.taskdefs.SubAnt","1","0","0","0","0","0","0","0","23","15","88","0","15","541","0.0233620618107369","1","3717.09631","386.00124","393.60513","240.6512","228.00209","3704.02389","3697.0541","3704.91201","79.55501","253.95472","0","75"
"org.apache.tools.ant.taskdefs.StreamPumper","0","0","0","0","0","0","0","0","5","1","11","1","0","153","0.9351407295127629","5","4102.82208","382.00001","393.63562","259.97885","242.00001","4092.1619","4085.14994","4092.10288","101.24228","259.04826","0",""
"org.apache.tools.ant.taskdefs.SQLExec","1","2","0","0","0","2","0","0","20","13","97","1","13","895","0.739847287998199","4","3364.8682","383.00009","391.26589","243.51591","230.00015","3350.90271","3343.07239","3351.6757","82.96987","253.93109","6","132"
"org.apache.tools.ant.taskdefs.Sleep","1","0","0","0","0","0","0","0","10","2","20","0","2","132","0.941648063589401","3","4123.91707","384","394.40588","257.25668","241.00001","4113.06662","4106.13261","4113.12533","95.85927","258.19373","0","66"
"org.apache.tools.ant.taskdefs.SignJar","1","0","0","0","0","0","0","0","19","10","61","0","10","504","0.442218719971044","3","3753.69311","384.00041","392.45","246.67793","233.00067","3741.26249","3734.08369","3741.83378","84.77028","255.196","0","28"
"org.apache.tools.ant.taskdefs.Sequential","0","0","0","0","0","0","0","0","3","3","10","0","3","32","0.984745939192003","2","4223.5839","385","397.03148","258.86097","240","4212.8418","4206.12173","4212.95621","102.14206","260.71632","0",""
"org.apache.tools.ant.taskdefs.SendEmail","0","0","0","0","0","0","0","0","2","1","5","0","1","10","0.994897959183673","0","4245.67462","387","399.21548","261.09002","242","4234.92007","4228.13671","4234.92007","103.73042","261.09002","0",""
"org.apache.tools.ant.taskdefs.rmic.WLRmic","0","0","0","0","0","0","0","0","5","11","23","1","10","130","0.07778871537037201","0","4126.18868","387.0011","398.48965","250.69703","232.00183","4114.5459","4108.07607","4115.06318","98.23441","259.04826","0",""
"org.apache.tools.ant.taskdefs.rmic.SunRmic","0","0","0","0","0","0","0","0","3","8","22","1","7","152","0.0777887337322594","0","4104.28617","387.0011","398.97118","254.23218","235.00181","4092.75225","4086.09594","4093.10115","100.96039","259.78838","0",""
"org.apache.tools.ant.taskdefs.rmic.RmicAdapterFactory","0","0","0","0","0","0","0","0","3","7","14","1","6","88","0.98576955160235","2","4167.82017","385","397.03148","255.15681","236","4156.70495","4150.10132","4156.99182","101.24228","259.78838","0",""
"org.apache.tools.ant.taskdefs.rmic.RmicAdapter","0","0","0","0","0","0","0","0","4","6","4","3","4","4","1","1","4251.55877","386","397.75872","255.70491","237","4240.6279","4234.11348","4240.74015","100.88112","257.5597","0",""
"org.apache.tools.ant.taskdefs.rmic.KaffeRmic","0","0","0","0","0","0","0","0","3","7","19","1","6","93","0.0176195997521701","1","4162.93418","386.00125","398.00126","255.15681","236.00204","4151.71302","4145.10145","4152.00024","101.24228","259.78838","0",""
"org.apache.tools.ant.taskdefs.rmic.DefaultRmicAdapter","0","0","0","0","0","0","0","0","16","15","56","4","12","372","9.86112555119028E-5","5","3884.82689","382.00131","391.12658","242.98148","228.00219","3872.71739","3866.06842","3873.31899","87.09191","252.38859","0",""
"org.apache.tools.ant.taskdefs.Rmic","1","0","0","0","0","0","0","0","48","25","109","7","20","819","0.018787736758803","6","3440.16308","381.00126","384.53218","224.11604","218.00221","3425.94294","3419.0329","3427.06668","54.12024","240.68444","0","54"
"org.apache.tools.ant.taskdefs.Replace","1","0","0","0","0","0","0","0","22","9","90","2","9","826","0.844476158891335","3","3433.54045","384.00003","391.8418","246.65766","234.00005","3420.01462","3412.09906","3420.43038","82.21922000000001","252.35689","0","67"
"org.apache.tools.ant.taskdefs.Rename","1","0","0","0","0","0","0","0","5","5","19","0","5","100","0.9438460949602629","2","4155.87163","385","396.5476","256.25963","238.00001","4144.83872","4138.10875","4145.07033","99.62429","259.97885","0","20"
"org.apache.tools.ant.taskdefs.Redirector","0","0","0","0","0","0","0","0","21","13","52","2","11","522","0.664691110996106","7","3735.37896","380.00015","388.12498","243.18923","230.00024","3723.11106","3716.0775","3723.7422","82.56513","252.66777","0",""
"org.apache.tools.ant.taskdefs.RecorderEntry","0","0","0","0","0","0","0","0","16","6","36","1","5","366","0.6443823824627249","2","3891.09355","385.00016","394.0571","251.44582","237.00027","3879.24645","3872.11622","3879.49288","89.19641","255.21951","0",""
"org.apache.tools.ant.taskdefs.Recorder","0","0","0","0","0","0","0","0","9","9","34","0","9","214","0.9175643812852921","3","4042.28054","384.00001","394.63527","251.0717","234.00001","4030.79794","4024.084","4031.27027","94.64143","258.544","0",""
"org.apache.tools.ant.taskdefs.PumpStreamHandler","0","0","0","0","0","0","0","0","15","8","23","6","2","170","0.916710658507752","11","4085.33964","376.00001","385.488","249.89998","235.00001","4074.78208","4068.13385","4074.83987","91.18114","250.84059","0",""
"org.apache.tools.ant.taskdefs.Property","1","0","0","0","0","0","0","0","35","14","90","4","10","815","0.0726649855328344","6","3444.1385","381.00113","386.50485","238.04621","229.00188","3430.65154","3423.09129","3431.26405","69.64194000000001","246.71644","0","69"
"org.apache.tools.ant.taskdefs.ProcessDestroyer","1","1","0","0","0","0","1","0","8","2","33","2","1","269","0.96720121848199","3","3987.5327","384","394.86707","257.96318","241","3976.3101","3969.14563","3976.24961","98.08159999999999","257.02918","2","41"
"org.apache.tools.ant.taskdefs.PreSetDef","1","1","0","0","0","1","0","0","4","11","19","0","11","102","0.116491365725834","0","4154.06608","387.00101","398.72923","251.07768","232.00168","4142.50166","4136.06963","4143.07374","98.95453999999999","260.34592","3","55"
"org.apache.tools.ant.taskdefs.PathConvert","1","0","0","0","0","0","0","0","16","13","48","1","13","485","0.147032876775088","3","3772.59394","384.00095","393.08014","244.85914","230.00158","3760.04109","3753.06448","3760.72998","86.83317","255.21951","0","24"
"org.apache.tools.ant.taskdefs.Patch","0","0","0","0","0","0","0","0","11","11","38","0","11","250","0.76068519215805","2","4006.54078","385.00007","395.15313","248.48541","232.00012","3994.74254","3988.07222","3995.33578","92.17917","257.84685","0",""
"org.apache.tools.ant.taskdefs.Parallel","1","0","0","0","0","0","0","0","19","8","52","2","8","523","0.890293734071133","3","3734.7933","384.00002","392.45","248.5679","235.00003","3722.42528","3715.09811","3722.74428","85.3815","253.30022","0","83"
"org.apache.tools.ant.taskdefs.Pack","0","0","0","0","0","0","0","0","9","5","24","2","3","169","0.940513872967582","5","4086.89185","382","392.68944","254.80385","238.00001","4075.95449","4069.12583","4076.07176","96.46243","256.67294","0",""
"org.apache.tools.ant.taskdefs.Move","1","0","0","0","0","0","0","0","7","9","50","0","9","686","0.82049213576674","2","3572.80408","385.00004","396.07323","251.80349","234.00007","3559.69943","3552.09516","3560.23426","96.56604","259.2547","0","79"
"org.apache.tools.ant.taskdefs.Mkdir","1","0","0","0","0","0","0","0","4","3","17","0","3","99","0.967485473269348","4","4156.68257","383","394.84807","258.48791","240","4145.95236","4139.1237","4146.06862","101.19289","260.34592","0","23"
"org.apache.tools.ant.taskdefs.MatchingTask","0","0","0","0","0","0","0","0","42","39","96","11","28","328","0.0160464859274661","46","3924.84153","341.00142","345.89738","212.08489","204.00237","3915.31812","3910.00627","3916.81771","58.42089","238.17011","0",""
"org.apache.tools.ant.taskdefs.ManifestTask","0","0","0","0","0","0","0","0","7","9","36","0","9","250","0.7857577125427661","2","4006.54078","385.00006","396.07323","251.80349","234.0001","3994.8592","3988.08475","3995.33578","96.56604","259.2547","0",""
"org.apache.tools.ant.taskdefs.ManifestException","0","0","0","0","0","0","0","0","1","6","2","6","0","5","0.994897959183673","2","4250.47221","385","397.52484","256.84626","237","4239.62946","4233.14469","4239.57368","105.00476","255.92382","0",""
"org.apache.tools.ant.taskdefs.Manifest","1","0","0","0","0","0","0","0","17","8","74","3","5","599","0.694877451741293","4","3659.09962","383.00012","391.89029","249.2268","235.0002","3646.58004","3639.12366","3646.84","88.25530999999999","253.00198","0","171"
"org.apache.tools.ant.taskdefs.MacroInstance","0","3","0","0","0","2","1","0","8","15","77","1","14","585","0.150141165844931","2","3673.23209","385.00094","395.83961","245.86175","228.00158","3660.10833","3653.06036","3660.94114","94.36631","257.96318","8",""
"org.apache.tools.ant.taskdefs.MacroDef","1","2","0","0","0","1","1","0","17","15","62","4","14","416","0.466467205297856","6","3840.94324","381.00037","389.93589","242.63759","228.00062","3828.79459","3822.05769","3829.40309","85.61542","252.05753","5","98"
"org.apache.tools.ant.taskdefs.LogStreamHandler","0","0","0","0","0","0","0","0","2","7","9","3","4","31","0.968780355196336","23","4222.71773","364","376.96154","255.53865","236","4213.61424","4207.11421","4213.78334","102.78619","258.31183","0",""
"org.apache.tools.ant.taskdefs.LogOutputStream","0","0","0","0","0","0","0","0","9","10","18","9","1","160","0.889298775651826","15","4094.93199","372.00002","382.96867","250.13996","233.00003","4084.6509","4078.14173","4084.6509","97.14422","250.13996","0",""
"org.apache.tools.ant.taskdefs.LoadProperties","1","0","0","0","0","0","0","0","5","8","41","0","8","230","0.114852736175929","1","4026.54442","386.00101","397.51855","253.47584","235.00167","4014.88344","4008.09094","4015.29924","98.76233999999999","259.97885","0","19"
"org.apache.tools.ant.taskdefs.LoadFile","1","0","0","0","0","0","0","0","7","7","38","0","7","262","0.92853647875349","0","3994.78973","387.00001","398.01759","253.66316","236.00001","3982.99787","3976.09859","3983.35788","97.12363000000001","259.2547","0","67"
"org.apache.tools.ant.taskdefs.KeySubst","0","0","0","0","0","0","0","0","8","2","39","0","2","308","0.893379122645105","3","3948.71574","384.00001","394.86707","257.96318","241.00002","3937.38251","3930.13855","3937.44384","97.73945000000001","258.89766","0",""
"org.apache.tools.ant.taskdefs.JikesOutputParser","0","0","0","0","0","0","0","0","12","3","22","1","2","156","0.91131034271166","1","4100.20975","386.00001","395.90403","255.62472","240.00002","4089.04928","4082.13339","4089.10809","93.98403999999999","256.56383","0",""
"org.apache.tools.ant.taskdefs.Jikes","0","0","0","0","0","0","0","0","2","5","30","0","5","189","0.949213869221157","0","4067.45252","387","399.21548","257.38687","238.00001","4055.98878","4049.11114","4056.22546","102.48902","261.09002","0",""
"org.apache.tools.ant.taskdefs.JDBCTask","0","0","0","0","0","0","0","0","26","9","56","1","8","537","0.113227659072132","2","3720.97111","385.00102","392.04719","245.42209","234.00168","3708.39008","3701.09849","3708.83836","78.77182000000001","252.10514","0",""
"org.apache.tools.ant.taskdefs.Javadoc","0","1","0","0","0","0","1","0","85","35","227","7","35","2412","1.21198983573946E-5","3","1865.93998","384.0013","384.29286","208.54016","208.0024","1837.80848","1826","1841.05975","15","235.47824","2",""
"org.apache.tools.ant.taskdefs.Javac","1","0","0","0","0","0","0","0","75","27","121","11","18","918","2.85446494811404E-5","9","3341.44939","378.00132","378.82582","217.44195","216.00231","3327.01909","3320.04352","3328.02659","30.23243","232.34888","0","135"
"org.apache.tools.ant.taskdefs.Java","1","2","0","0","0","1","1","0","48","22","151","0","22","1000","0.004026094151776","25","3258.17249","362.00137","365.71574","227.03524","221.00224","3245.53308","3238.0261","3247.03064","53.60037","247.52374","5","206"
"org.apache.tools.ant.taskdefs.Jar","1","0","0","0","0","0","0","0","23","15","99","2","13","1007","0.348014201807175","4","3253.62106","383.00055","390.66354","240.6512","228.00093","3239.03458","3231.0749","3239.90139","80.08121","252.0496","0","195"
"org.apache.tools.ant.taskdefs.Input","1","0","0","0","0","0","0","0","7","8","25","0","8","141","0.781111111095098","2","4115.0497","385.00006","396.07323","252.73306","235.0001","4103.73415","4097.08897","4104.14096","96.84007","259.2547","0","43"
"org.apache.tools.ant.taskdefs.ImportTask","0","2","0","0","1","1","0","0","6","8","32","0","8","194","0.83118915967222","0","4062.47523","387.00004","398.25243","253.10275","235.00006","4050.82226","4044.09013","4051.23438","97.80082","259.6151","7",""
"org.apache.tools.ant.taskdefs.GZip","1","0","0","0","0","0","0","0","2","4","13","0","4","56","0.990814309142024","0","4199.86821","387","399.21548","258.31183","239","4188.82382","4182.1149","4188.99606","102.78619","261.09002","0","38"
"org.apache.tools.ant.taskdefs.GUnzip","1","0","0","0","0","0","0","0","3","4","21","0","4","144","0.980346498818314","0","4112.2506","387","398.97118","257.9341","239","4100.97025","4094.11737","4101.14618","101.8332","260.71632","0","29"
"org.apache.tools.ant.taskdefs.Get","1","0","0","0","0","0","0","0","10","7","57","0","7","518","0.845463710715185","4","3739.66429","383.00003","393.43233","252.5787","236.00005","3727.4785","3720.10537","3727.86319","94.25497","258.19373","0","35"
"org.apache.tools.ant.taskdefs.GenerateKey","0","0","0","0","0","0","0","0","14","8","34","0","8","404","0.0112458057876107","2","3853.28185","385.00127","394.48828","250.24188","235.00208","3841.19526","3834.09507","3841.62986","90.13878","256.82679","0",""
"org.apache.tools.ant.taskdefs.FixCRLF","1","0","0","0","0","0","0","0","18","12","84","1","12","1202","0.143869002202608","4","3060.06291","383.00096","391.67972","245.12242","231.00159","3044.77536","3036.08712","3045.55036","85.16455000000001","254.56826","0","143"
"org.apache.tools.ant.taskdefs.Filter","1","0","0","0","0","0","0","0","6","6","18","0","6","95","0.8904291287999599","3","4160.75774","384.00002","395.33783","254.96078","237.00003","4149.77325","4143.1015","4150.06181","98.37174","259.6151","0","70"
"org.apache.tools.ant.taskdefs.Expand","0","0","0","0","0","0","0","0","10","14","61","1","13","543","0.848270118222579","3","3714.89986","384.00003","394.40588","246.05081","229.00005","3702.08941","3695.06549","3702.85106","92.64988","257.25668","0",""
"org.apache.tools.ant.taskdefs.Exit","0","0","0","0","0","0","0","0","8","4","18","0","4","172","0.856338699026943","3","4084.09256","384.00003","394.86707","256.09569","239.00004","4073.01817","4066.11817","4073.19531","97.08244000000001","258.89766","0",""
"org.apache.tools.ant.taskdefs.ExecuteWatchdog","1","0","0","0","0","0","0","0","9","8","23","5","3","148","0.923585157398254","5","4107.80038","382.00001","392.68944","252.00397","235.00001","4096.74566","4090.12518","4096.86087","96.46243","253.87005","0","97"
"org.apache.tools.ant.taskdefs.ExecuteStreamHandler","0","0","0","0","0","0","0","0","5","13","5","13","0","5","1","2","4250.47221","385","396.5476","248.84734","230","4239.24392","4233.14469","4239.18978","101.24228","247.92338","0",""
"org.apache.tools.ant.taskdefs.ExecuteOn","1","0","0","0","0","0","0","0","23","22","77","2","20","1164","0.119532956841821","7","3097.39826","380.00102","387.72284","234.02991","221.00175","3081.93397","3074.0366","3083.35467","78.44743","252.0496","0","490"
"org.apache.tools.ant.taskdefs.ExecuteJava","1","0","0","0","0","0","0","0","11","11","54","1","10","437","0.21586640597228","6","3820.04738","381.00081","391.25695","248.48541","232.00133","3808.07366","3801.08221","3808.63256","92.44458","256.90854","0","57"
"org.apache.tools.ant.taskdefs.Execute","0","2","0","1","0","1","0","0","30","34","111","14","22","1004","0.577785717662794","52","3251.30451","335.00027","342.2353","220.41098","209.00043","3240.74636","3234.02613","3242.02714","71.19691","238.50367","8",""
"org.apache.tools.ant.taskdefs.ExecTask","1","0","0","0","0","0","0","0","36","19","106","4","15","712","0.291954327238833","15","3545.56907","372.00067","377.46523","232.96352","224.00112","3533.10798","3526.05672","3534.0232","67.05222000000001","246.45486","0","377"
"org.apache.tools.ant.taskdefs.Exec","0","0","0","0","0","0","0","0","10","6","44","1","6","367","0.678041932841624","4","3889.90103","383.00014","393.43233","253.51331","237.00022","3878.24832","3871.10863","3878.49481","94.55686","257.25668","0",""
"org.apache.tools.ant.taskdefs.email.UUMailer","0","0","0","0","0","0","0","0","2","4","15","0","4","59","0.997448979591836","0","4196.88098","387","399.21548","258.31183","239","4185.82871","4179.11498","4186.00108","102.78619","261.09002","0",""
"org.apache.tools.ant.taskdefs.email.PlainMailer","0","0","0","0","0","0","0","0","3","7","40","2","5","237","0.992856134162849","0","4019.67287","387","398.97118","255.15681","236","4007.95422","4001.11247","4008.19174","101.53325","258.86097","0",""
"org.apache.tools.ant.taskdefs.email.Message","0","0","0","0","0","0","0","0","11","6","26","4","2","181","0.912480085480847","5","4074.94454","382.00001","392.2308","253.16003","237.00002","4063.91658","4057.13421","4063.97502","94.92102","254.09644","0",""
"org.apache.tools.ant.taskdefs.email.Mailer","0","0","0","0","0","0","0","0","18","8","20","3","5","134","0.9072422300581851","4","4121.83272","383.00001","391.67972","248.89556","235.00002","4110.72269","4104.10965","4110.9533","87.31552000000001","252.67568","0",""
"org.apache.tools.ant.taskdefs.email.EmailTask","1","0","0","0","0","0","0","0","30","14","89","1","13","844","0.146424833616872","2","3415.76653","385.00095","391.3119","239.45981","229.00159","3401.71677","3394.0713","3402.54566","73.37575","250.96016","0","14"
"org.apache.tools.ant.taskdefs.email.EmailAddress","1","0","0","0","0","0","0","0","8","4","15","4","0","286","0.827116549789751","5","3970.41912","382.00004","392.92238","256.09569","239.00006","3959.22025","3952.15498","3959.16001","98.43272","255.16269","0","59"
"org.apache.tools.ant.taskdefs.Echo","1","0","0","0","0","0","0","0","7","7","23","0","7","145","0.888812192326109","2","4111.06726","385.00002","396.07323","253.66316","236.00003","4099.79817","4093.09577","4100.14792","97.12363000000001","259.2547","0","23"
"org.apache.tools.ant.taskdefs.Ear","0","0","0","0","0","0","0","0","8","10","31","0","10","149","0.60432959925351","4","4106.89786","383.0002","393.89466","250.50549","233.00034","4095.63304","4089.07642","4096.1549","95.33625000000001","258.89766","0",""
"org.apache.tools.ant.taskdefs.Dirname","1","0","0","0","0","0","0","0","4","5","10","0","5","48","0.945804629703295","2","4207.65077","385","396.78836","256.63203","238.00001","4196.75398","4190.1074","4196.98273","100.57833","260.34592","0","34"
"org.apache.tools.ant.taskdefs.DependSet","1","1","0","0","0","0","1","0","6","10","33","0","10","511","0.940544505190005","2","3746.83253","385","396.30922","251.24689","233.00001","3734.2761","3727.08385","3734.84846","97.26767","259.6151","2","30"
"org.apache.tools.ant.taskdefs.Deltree","1","0","0","0","0","0","0","0","4","3","18","0","3","152","0.95440632693031","3","4104.00439","384","395.81814","258.48791","240","4093.04239","4086.1253","4093.16015","101.19289","260.34592","0","14"
"org.apache.tools.ant.taskdefs.Delete","1","0","0","0","0","0","0","0","41","28","98","0","28","890","0.610050995552033","6","3369.60903","381.0002","385.54118","222.94842","215.00035","3354.89627","3348.00732","3356.73472","59.4138","249.08834","0","20"
"org.apache.tools.ant.taskdefs.Definer","0","1","0","0","0","0","1","0","22","17","73","4","15","618","0.765570299780221","5","3640.09945","382.00007","389.88203","239.08158","226.00012","3627.04784","3620.05525","3627.81532","80.52329","250.45558","2",""
"org.apache.tools.ant.taskdefs.DefBase","0","0","0","0","0","0","0","0","12","11","27","2","9","90","0.0480082083985037","14","4164.73685","373.00121","383.24013","248.129","232.00195","4154.48288","4148.08148","4154.9373","91.76056","255.62472","0",""
"org.apache.tools.ant.taskdefs.DefaultExcludes","1","0","0","0","0","0","0","0","6","3","18","0","3","128","0.952652429122781","2","4127.99285","385","396.30922","257.75182","240","4117.00134","4110.12457","4117.11841","99.29752999999999","259.6151","0","74"
"org.apache.tools.ant.taskdefs.CVSPass","1","0","0","0","0","0","0","0","6","3","30","0","3","1270","0.912501640331414","1","2992.99516","386.00001","397.28076","257.75182","240.00002","2977.68769","2968.1725","2977.84956","99.29752999999999","259.6151","0","75"
"org.apache.tools.ant.taskdefs.cvslib.RedirectingStreamHandler","0","0","0","0","0","0","0","0","3","5","12","1","4","40","0.963812250810714","4","4215.43509","383","395.09239","257.00778","238","4204.74113","4198.11446","4204.91201","101.8332","259.78838","0",""
"org.apache.tools.ant.taskdefs.cvslib.RedirectingOutputStream","0","0","0","0","0","0","0","0","2","4","4","1","3","16","0.9814878902313799","2","4239.51754","385","397.27698","258.31183","239","4228.75927","4222.12127","4228.87278","103.09219","260.16341","0",""
"org.apache.tools.ant.taskdefs.cvslib.RCSFile","0","0","0","0","0","0","0","0","5","2","7","2","0","39","0.964776990445165","2","4216.6131","385","396.5476","259.04826","241","4205.91037","4199.14587","4205.85318","101.24228","258.11819","0",""
"org.apache.tools.ant.taskdefs.cvslib.CvsUser","0","0","0","0","0","0","0","0","6","2","11","1","1","56","0.974755155312523","0","4199.86821","387","398.25243","258.6832","241","4188.93841","4182.13821","4188.93841","99.95999","258.6832","0",""
"org.apache.tools.ant.taskdefs.cvslib.CvsTagEntry","0","0","0","0","0","0","0","0","7","1","11","1","0","105","0.9351407295127629","2","4150.89316","385.00001","396.07323","259.2547","242.00001","4140.07886","4133.14819","4140.02053","99.36799999999999","258.32151","0",""
"org.apache.tools.ant.taskdefs.cvslib.CvsTagDiff","0","1","0","0","0","1","0","0","12","5","60","0","5","720","0.866441237110525","5","3538.67885","382.00002","392.0051","253.74791","238.00004","3526.04141","3518.12791","3526.31366","92.97311000000001","257.5034","3",""
"org.apache.tools.ant.taskdefs.cvslib.CVSEntry","0","0","0","0","0","0","0","0","9","4","18","3","1","88","0.930843600206846","3","4167.72792","384.00001","394.63527","255.73815","239.00001","4156.87635","4150.13927","4156.87635","97.14422","255.73815","0",""
"org.apache.tools.ant.taskdefs.cvslib.ChangeLogWriter","0","0","0","0","0","0","0","0","4","3","25","1","2","183","0.995395408163265","1","4073.33046","386","397.75872","258.48791","240","4062.09613","4055.13428","4062.15534","101.51355","259.41665","0",""
"org.apache.tools.ant.taskdefs.cvslib.ChangeLogTask","0","0","0","0","0","0","0","0","15","16","78","0","16","502","0.91582786917876","5","3755.47866","382.00001","391.34256","242.39224","227.00002","3742.88993","3736.04831","3743.82959","87.09765","256.49366","0",""
"org.apache.tools.ant.taskdefs.cvslib.ChangeLogParser","0","0","0","0","0","0","0","0","12","4","37","3","1","340","0.976454618999424","3","3916.86865","384","393.95431","254.68608","239","3905.32009","3898.14828","3905.32009","94.33981","254.68608","0",""
"org.apache.tools.ant.taskdefs.Cvs","0","0","0","0","0","0","0","0","1","1","2","0","1","4","0.994897959183673","0","4251.64968","387","399.46214","261.46702","242","4240.91028","4234.13651","4240.91028","104.67569","261.46702","0",""
"org.apache.tools.ant.taskdefs.Copyfile","1","0","0","0","0","0","0","0","6","5","24","0","5","137","0.933597678021434","2","4119.03217","385.00001","396.30922","255.8906","238.00001","4107.90032","4101.10973","4108.134","98.67117","259.6151","0","35"
"org.apache.tools.ant.taskdefs.Copydir","1","0","0","0","0","0","0","0","8","7","39","0","7","277","0.154168038581061","3","3979.56995","384.00093","394.86707","253.29824","236.00152","3968.02432","3961.09896","3968.38569","96.16652000000001","258.89766","0","33"
"org.apache.tools.ant.taskdefs.Copy","1","0","0","0","0","0","0","0","31","20","97","3","17","1137","0.1132149785714","7","3124.19606","380.00103","386.21367","233.43093","223.00176","3109.00788","3101.05224","3110.19646","71.30919","248.76093","0","102"
"org.apache.tools.ant.taskdefs.ConditionTask","0","0","0","0","0","0","0","0","4","5","16","0","5","95","0.901016504665382","0","4161.03569","387.00001","398.72923","256.63203","238.00002","4149.83048","4143.10862","4150.06181","100.57833","260.34592","0",""
"org.apache.tools.ant.taskdefs.condition.Socket","0","0","0","0","0","0","0","0","4","4","13","1","3","89","0.972300382402188","0","4167.00972","387","398.72923","257.5597","239","4155.87801","4149.1234","4155.9935","101.19289","259.41665","0",""
"org.apache.tools.ant.taskdefs.condition.Os","0","0","0","0","0","0","0","0","13","14","23","12","2","357","0.969771871575874","13","3898.97897","374","383.98568","244.96939","229","3887.75025","3881.1403","3887.80928","93.04837000000001","245.90445","0",""
"org.apache.tools.ant.taskdefs.condition.Or","0","0","0","0","0","0","0","0","2","3","7","1","3","23","0.994897959183673","0","4232.72891","387","399.21548","259.23734","240","4221.82721","4215.12147","4221.88418","103.09219","260.16341","0",""
"org.apache.tools.ant.taskdefs.condition.Not","0","0","0","0","0","0","0","0","2","3","8","1","3","33","0.979753899698741","0","4222.77089","387","399.21548","259.23734","240","4211.84342","4205.12176","4211.90052","103.09219","260.16341","0",""
"org.apache.tools.ant.taskdefs.condition.IsTrue","0","0","0","0","0","0","0","0","3","4","6","1","3","30","0.992359954185756","0","4225.75828","387","398.97118","257.9341","239","4214.78173","4208.12167","4214.89561","102.14206","259.78838","0",""
"org.apache.tools.ant.taskdefs.condition.IsSet","0","0","0","0","0","0","0","0","3","5","7","1","4","29","0.933448401716067","0","4226.75407","387.00001","398.97118","257.00778","238.00001","4215.72354","4209.11416","4215.89397","101.8332","259.78838","0",""
"org.apache.tools.ant.taskdefs.condition.IsReference","1","0","0","0","0","0","0","0","4","6","14","1","5","68","0.949226769461085","0","4187.91941","387","398.72923","255.70491","237.00001","4176.72946","4170.10791","4176.95834","100.57833","259.41665","0","24"
"org.apache.tools.ant.taskdefs.condition.IsFalse","0","0","0","0","0","0","0","0","3","4","6","1","3","34","0.992359954185756","0","4221.7751","387","398.97118","257.9341","239","4210.78817","4204.12179","4210.90216","102.14206","259.78838","0",""
"org.apache.tools.ant.taskdefs.condition.Http","0","0","0","0","0","0","0","0","4","4","15","1","3","109","0.970298587497242","0","4147.09657","387","398.72923","257.5597","239","4135.91127","4129.124","4136.02732","101.19289","259.41665","0",""
"org.apache.tools.ant.taskdefs.condition.FilesMatch","0","0","0","0","0","0","0","0","4","4","13","1","3","60","0.982750793980173","0","4195.88525","387","398.72923","257.5597","239","4184.83034","4178.12254","4184.94504","101.19289","259.41665","0",""
"org.apache.tools.ant.taskdefs.condition.Equals","1","0","0","0","0","0","0","0","6","3","11","1","2","74","0.977248135249384","0","4181.94512","387","398.25243","257.75182","240","4170.91069","4164.13076","4170.96835","99.62429","258.6832","0","23"
"org.apache.tools.ant.taskdefs.condition.Contains","1","0","0","0","0","0","0","0","5","3","9","1","2","64","0.982259664148099","0","4191.90231","387","398.48965","258.11819","240","4180.89416","4174.13045","4180.95169","100.56838","259.04826","0","13"
"org.apache.tools.ant.taskdefs.condition.ConditionBase","0","0","0","0","0","0","0","0","20","20","25","5","18","122","0.907386388270586","6","4133.59613","381.00001","389.30836","236.9156","223.00002","4122.03651","4116.03511","4122.8176","81.78631","250.13796","0",""
"org.apache.tools.ant.taskdefs.condition.Condition","0","0","0","0","0","0","0","0","1","20","1","19","1","1","1","3","4254.36541","384","396.55643","243.9877","223","4242.86436","4237.13642","4242.86436","104.67569","243.9877","0",""
"org.apache.tools.ant.taskdefs.condition.And","0","0","0","0","0","0","0","0","2","3","7","1","3","23","0.994897959183673","0","4232.72891","387","399.21548","259.23734","240","4221.82721","4215.12147","4221.88418","103.09219","260.16341","0",""
"org.apache.tools.ant.taskdefs.Concat","1","2","0","0","1","1","0","0","28","18","94","2","18","769","0.444490806605455","1","3490.40929","386.0004","392.65761","236.23929","225.00069","3476.28911","3469.04165","3477.29219","73.97973","250.56736","7","149"
"org.apache.tools.ant.taskdefs.compilers.Sj","0","0","0","0","0","0","0","0","2","6","11","1","5","41","0.0174225675705854","1","4214.71292","386.00125","398.24616","256.46247","237.00204","4203.68624","4197.10722","4203.91365","102.48902","260.16341","0",""
"org.apache.tools.ant.taskdefs.compilers.Kjc","0","0","0","0","0","0","0","0","4","10","26","1","9","195","0.000421763793057413","1","4061.38462","386.00129","397.75872","252.00198","233.00214","4049.70838","4043.0836","4050.17654","99.45853","259.41665","0",""
"org.apache.tools.ant.taskdefs.compilers.Jvc","0","0","0","0","0","0","0","0","2","9","24","1","8","147","0.0354227680923169","0","4109.26392","387.0012","399.21548","253.69273","234.00199","4097.68679","4091.0891","4098.09248","101.65136","260.16341","0",""
"org.apache.tools.ant.taskdefs.compilers.Jikes","0","1","0","0","0","0","1","0","2","9","28","1","8","268","0.0194377907667852","0","3988.818","387.00124","399.21548","253.69273","234.00205","3976.89024","3970.09181","3977.30826","101.65136","260.16341","2",""
"org.apache.tools.ant.taskdefs.compilers.JavacExternal","0","0","0","0","0","0","0","0","2","6","14","1","5","45","0.00443995919020143","0","4210.82154","387.00128","399.21548","256.46247","237.00209","4199.69261","4193.10732","4199.92024","102.48902","260.16341","0",""
"org.apache.tools.ant.taskdefs.compilers.Javac13","0","0","0","0","0","0","0","0","2","7","13","1","6","66","0.008153380321208509","0","4189.91086","387.00127","399.21548","255.53865","236.00208","4178.66964","4172.10079","4178.95501","102.20078","260.16341","0",""
"org.apache.tools.ant.taskdefs.compilers.Javac12","0","0","0","0","0","0","0","0","3","8","20","1","7","151","0.0195994407173464","0","4105.28172","387.00124","398.97118","254.23218","235.00205","4093.7506","4087.09591","4094.09941","100.96039","259.78838","0",""
"org.apache.tools.ant.taskdefs.compilers.Gcj","0","1","0","0","0","1","0","0","3","9","28","1","8","155","0.00114073974860241","1","4101.20531","386.00129","398.00126","253.30811","234.00213","4089.69987","4083.08927","4090.10636","100.68764","259.78838","3",""
"org.apache.tools.ant.taskdefs.compilers.DefaultCompilerAdapter","0","0","0","0","0","0","0","0","21","23","98","8","15","951","1.70676909327094E-13","10","3308.54923","377.00133","385.18827","233.75414","220.00227","3294.35411","3287.06085","3295.31865","81.49233","246.97571","0",""
"org.apache.tools.ant.taskdefs.compilers.CompilerAdapterFactory","0","0","0","0","0","0","0","0","5","13","28","1","12","225","0.952988885974183","2","4031.4258","385","396.5476","248.84734","230","4019.58568","4013.06591","4020.23009","97.74457","259.04826","0",""
"org.apache.tools.ant.taskdefs.compilers.CompilerAdapter","0","0","0","0","0","0","0","0","2","4","2","3","2","2","1","1","4253.55052","386","398.24616","258.31183","239","4242.73697","4236.12854","4242.73697","103.40696","258.31183","0",""
"org.apache.tools.ant.taskdefs.Chmod","0","0","0","0","0","0","0","0","18","15","58","0","15","316","0.0993810761300942","41","3937.23253","346.00117","355.58403","242.29734","228.00178","3928.62164","3922.05099","3929.459","84.40379","255.51517","0",""
"org.apache.tools.ant.taskdefs.Checksum","1","1","0","0","0","1","0","0","20","11","91","1","10","962","0.843174282189465","3","3298.42872","384.00003","392.24482","245.40579","232.00005","3284.20462","3276.09539","3284.85266","83.81527","253.93109","3","60"
"org.apache.tools.ant.taskdefs.CallTarget","1","0","0","0","0","0","0","0","14","10","44","0","10","199","7.74378047679713E-5","3","4057.21296","384.0013","393.51239","248.36465","233.00215","4045.71502","4039.07737","4046.24332","89.56004","256.82679","0","33"
"org.apache.tools.ant.taskdefs.BZip2","1","0","0","0","0","0","0","0","2","5","15","0","5","67","0.990814309142024","0","4188.91513","387","399.21548","257.38687","238","4177.7847","4171.10789","4178.01448","102.48902","261.09002","0","26"
"org.apache.tools.ant.taskdefs.BUnzip2","1","0","0","0","0","0","0","0","3","5","25","0","5","191","0.980346498818314","0","4065.4616","387","398.97118","257.00778","238","4053.99223","4047.11119","4054.22903","101.53325","260.71632","0","19"
"org.apache.tools.ant.taskdefs.BuildNumber","0","0","0","0","0","0","0","0","6","5","35","0","5","300","0.886712458023846","3","3956.6779","384.00002","395.33783","255.8906","238.00003","3945.18542","3938.11427","3945.42875","98.67117","259.6151","0",""
"org.apache.tools.ant.taskdefs.Basename","1","0","0","0","0","0","0","0","5","5","15","0","5","90","0.907527877687705","2","4165.82873","385.00001","396.5476","256.25963","238.00002","4154.82226","4148.10848","4155.05331","99.62429","259.97885","0","47"
"org.apache.tools.ant.taskdefs.Available","1","0","0","0","0","0","0","0","20","14","69","1","13","819","0.00315419483168336","3","3440.49662","384.00129","392.24482","242.57164","229.00217","3426.66047","3419.07078","3427.48333","82.96987","253.93109","0","112"
"org.apache.tools.ant.taskdefs.AntStructure","1","0","0","0","0","0","0","0","9","7","61","0","7","749","0.931240814256742","3","3510.06795","384.00001","394.63527","252.93675","236.00001","3496.97255","3489.11235","3497.38259","95.21029","258.544","0","11"
"org.apache.tools.ant.taskdefs.AntlibDefinition","0","0","0","0","0","0","0","0","5","8","12","6","2","49","0.982259664148099","6","4206.29077","381","392.66525","253.47584","235","4195.58649","4189.12998","4195.64262","100.56838","254.40322","0",""
"org.apache.tools.ant.taskdefs.Antlib","1","0","0","0","0","0","0","0","8","11","45","1","10","216","0.921744196473727","1","4040.48017","386.00001","396.8123","249.57564","232.00001","4028.68564","4022.0777","4029.21394","95.33625000000001","257.96318","0","27"
"org.apache.tools.ant.taskdefs.Ant","1","1","0","0","0","1","0","0","24","17","118","2","15","1066","0.28868368346313","6","3194.79968","381.00066","388.50611","238.43657","226.00112","3180.04088","3172.06305","3181.06649","78.58753","251.7459","3","410"
"org.apache.tools.ant.taskdefs.AbstractCvsTask","1","0","0","0","0","0","0","0","41","17","105","2","15","988","0.518402921853422","6","3272.25626","381.0003","385.54118","233.5744","226.00051","3257.84837","3250.06154","3258.84949","62.29767","247.14571","0","29"
"org.apache.tools.ant.TaskContainer","1","0","0","0","0","0","0","0","1","13","1","12","1","1","1","1","4254.54639","386","398.49341","250.40168","230","4243.23803","4237.13642","4243.23803","104.67569","250.40168","0","34"
"org.apache.tools.ant.TaskAdapter","0","1","0","0","0","0","1","0","7","6","26","2","5","237","0.869141884631208","5","4019.19457","382.00002","393.15773","254.59379","237.00004","4008.01322","4001.11247","4008.19174","97.71898","257.38881","2",""
"org.apache.tools.ant.Task","0","0","0","0","0","0","0","0","30","138","52","135","7","318","0.323738038974395","260","3922.05673","127.0018","145.01379","126.19429","105.00218","3921.406","3920.1","3921.46006","75.39230999999999","127.86321","0",""
"org.apache.tools.ant.Target","0","0","0","0","0","0","0","0","23","32","57","28","6","441","0.554344672517749","24","3814.31226","363.00027","371.07681","224.61077","211.00047","3802.85814","3797.11074","3803.02577","82.28001","227.43131","0",""
"org.apache.tools.ant.RuntimeConfigurable","0","2","0","0","0","1","1","0","21","19","66","12","8","502","0.437910334802736","9","3755.0739","378.00042","386.16706","237.52263","224.00071","3742.70918","3736.09756","3743.07307","83.48653","243.18923","5",""
"org.apache.tools.ant.PropertyHelper","0","1","0","0","0","1","0","0","20","3","50","2","2","721","0.6649917503960729","3","3537.90121","384.00015","392.24482","252.98221","240.00023","3525.17929","3517.15482","3525.17929","86.53901","252.98221","3",""
"org.apache.tools.ant.ProjectHelper","0","1","0","0","1","0","0","0","18","23","68","16","9","413","0.376910066264379","18","3842.7576","369.00053","378.00132","234.78501","220.00088","3831.32157","3825.08836","3831.67078","86.02325","240.41631","4",""
"org.apache.tools.ant.ProjectComponent","0","0","0","0","0","0","0","0","5","128","8","128","1","37","0.967345993568233","217","4204.43825","170","194.74342","149.16434","115","4202.57374","4201.13758","4202.54649","100.90094","148.39474","0",""
"org.apache.tools.ant.Project","1","1","0","0","0","0","1","0","100","202","247","193","23","2015","3.9057971261173E-5","202","2230.68465","185.0027","185","41","41.01219","2223.37806","2223.03239","2223.53997","12","49","2","130"
"org.apache.tools.ant.PathTokenizer","0","0","0","0","0","0","0","0","3","3","17","2","1","204","0.88472543328035","2","4052.33032","385.00002","397.03148","258.86097","240.00003","4041.13301","4034.14328","4041.13301","102.78619","258.86097","0",""
"org.apache.tools.ant.NoBannerLogger","0","0","0","0","0","0","0","0","4","4","16","0","4","59","0.934081902739788","1","4196.78889","386.00001","397.75872","257.5597","239.00001","4185.82871","4179.11498","4186.00108","100.88112","260.34592","0",""
"org.apache.tools.ant.Main","0","0","0","0","0","0","0","0","23","14","113","1","14","1964","0.8246861798453951","2","2306.36099","385.00004","392.6245","241.59884","229.00007","2285.50148","2274.09696","2286.73501","79.81228","253.00198","0",""
"org.apache.tools.ant.MagicNames","0","0","0","0","0","0","0","0","1","0","2","0","0","6","1","0","4249.65799","387","399.46214","262.39284","243","4238.97075","4232.14473","4238.91354","105.00476","261.46702","0",""
"org.apache.tools.ant.Location","0","0","0","0","0","0","0","0","8","80","19","79","1","99","0.895546975717369","13","4155.86297","374.00001","385.14932","187.17104","163.00003","4142.20835","4139.13964","4142.20835","98.08159999999999","187.17104","0",""
"org.apache.tools.ant.loader.AntClassLoader2","0","0","0","0","0","0","0","0","7","5","53","0","5","404","0.804140789932822","3","3853.18206","384.00005","395.10125","255.52495","238.00008","3841.37996","3834.11737","3841.62986","97.71898","259.2547","0",""
"org.apache.tools.ant.listener.MailLogger","0","0","0","0","0","0","0","0","7","10","69","0","10","453","0.881051364894163","2","3804.53019","385.00002","396.07323","250.87447","233.00003","3792.16482","3785.08256","3792.72844","96.30161","259.2547","0",""
"org.apache.tools.ant.listener.AnsiColorLogger","0","0","0","0","0","0","0","0","3","1","18","0","1","258","0.985969387755102","1","3998.67428","386","398.00126","260.71632","242","3987.3505","3980.14522","3987.3505","102.78619","260.71632","0",""
"org.apache.tools.ant.IntrospectionHelper","1","4","0","0","1","2","1","0","33","29","100","19","25","1585","0.133377429592345","7","2680.0763","380.00099","385.86137","224.24317","214.00175","2661.61699","2653.01885","2662.35572","67.74216","232.84759","12","536"
"org.apache.tools.ant.input.PropertyFileInputHandler","0","0","0","0","0","0","0","0","3","3","19","0","3","104","0.9663368811030461","1","4151.9817","386","398.00126","258.86097","240","4140.96076","4134.12385","4141.07715","102.14206","260.71632","0",""
"org.apache.tools.ant.input.MultipleChoiceInputRequest","0","0","0","0","0","0","0","0","3","3","8","2","1","32","0.979721725216534","3","4223.49287","384","396.06186","258.86097","240","4212.8418","4206.13742","4212.8418","102.78619","258.86097","0",""
"org.apache.tools.ant.input.InputRequest","0","0","0","0","0","0","0","0","5","5","7","5","0","32","0.969750067715501","4","4223.40206","383","394.60613","256.25963","238","4212.72833","4206.14562","4212.67195","101.24228","255.33116","0",""
"org.apache.tools.ant.input.InputHandler","0","0","0","0","0","0","0","0","1","8","1","6","2","1","1","1","4254.54639","386","398.49341","255.00196","235","4243.51199","4237.12851","4243.56749","104.35516","255.92382","0",""
"org.apache.tools.ant.input.DefaultInputHandler","0","1","0","0","0","0","1","0","4","7","22","2","5","121","0.974755155312523","3","4134.86941","384","395.81814","254.77834","236","4123.7586","4117.1093","4123.98945","100.57833","258.48791","2",""
"org.apache.tools.ant.helper.ProjectHelperImpl","0","0","0","0","0","0","0","0","14","18","63","9","13","322","0.949962522046474","6","3934.49069","381","390.58546","240.87549","225.00001","3922.45854","3916.0618","3922.92557","88.76936000000001","248.36465","0",""
"org.apache.tools.ant.helper.ProjectHelper2","0","0","0","0","0","0","0","0","9","17","73","7","16","432","0.625781963167609","4","3825.22222","383.00018","393.66229","243.63292","226.00031","3812.70403","3806.04742","3813.24809","92.96236","252.00397","0",""
"org.apache.tools.ant.helper.AntXMLContext","0","0","0","0","0","0","0","0","26","10","47","7","3","279","0.808546124658408","7","3977.19512","380.00005","387.13822","244.46881","233.00008","3965.85048","3959.12932","3965.96848","80.62258","246.37573","0",""
"org.apache.tools.ant.filters.util.JavaClassHelper","0","0","0","0","0","0","0","0","3","5","19","0","5","89","0.96938775510204","0","4167.00972","387","398.97118","257.00778","238","4155.82062","4149.10846","4156.05161","101.53325","260.71632","0",""
"org.apache.tools.ant.filters.util.ChainReaderHelper","0","0","0","0","0","0","0","0","10","15","39","4","12","344","0.947459568860977","6","3912.59466","381","391.48563","245.12038","228.00001","3900.66917","3894.06792","3901.26646","92.89241","254.44842","0",""
"org.apache.tools.ant.filters.TokenFilter","1","0","0","0","0","0","0","0","19","18","40","6","16","386","0.759237818243226","6","3870.79643","381.00008","389.51508","239.13594","225.00013","3858.56567","3852.04686","3859.22272","83.19856","249.51353","0","221"
"org.apache.tools.ant.filters.TailFilter","0","0","0","0","0","0","0","0","10","6","30","1","5","328","0.926130869317708","1","3929.007","386.00001","396.35338","253.51331","237.00001","3917.17615","3910.11509","3917.4202","94.86833","257.25668","0",""
"org.apache.tools.ant.filters.TabsToSpaces","0","0","0","0","0","0","0","0","7","5","18","1","4","126","0.950122625322252","1","4130.07748","386","397.04534","255.52495","238.00001","4118.88189","4112.11685","4119.05632","98.03061","258.32151","0",""
"org.apache.tools.ant.filters.StripLineComments","0","0","0","0","0","0","0","0","8","6","26","1","5","172","0.934203258634379","1","4084.28109","386.00001","396.8123","254.23021","237.00001","4072.9013","4066.11067","4073.13602","96.76776","257.96318","0",""
"org.apache.tools.ant.filters.StripLineBreaks","0","0","0","0","0","0","0","0","7","5","17","1","4","107","0.950122625322252","1","4148.9947","386","397.04534","255.52495","238.00001","4137.85029","4131.11631","4138.02392","98.03061","258.32151","0",""
"org.apache.tools.ant.filters.StripJavaComments","1","0","0","0","0","0","0","0","4","3","7","1","2","161","0.894745861294691","1","4095.23198","386.00001","397.75872","258.48791","240.00002","4084.05791","4077.13355","4084.1168","101.51355","259.41665","0","18"
"org.apache.tools.ant.filters.StringInputStream","0","0","0","0","0","0","0","0","9","0","23","0","0","250","0.9898219491878379","0","4006.73346","387","397.55503","259.48025","243","3995.39648","3988.15358","3995.33578","97.49872000000001","258.544","0",""
"org.apache.tools.ant.filters.ReplaceTokens","1","0","0","0","0","0","0","0","13","7","39","1","6","424","0.891627287222686","1","3833.48301","386.00002","395.68295","251.52535","236.00002","3821.29455","3814.11025","3821.6066","91.70605","256.22256","0","18"
"org.apache.tools.ant.filters.PrefixLines","0","0","0","0","0","0","0","0","7","5","22","1","4","150","0.934203258634379","1","4106.18314","386.00001","397.04534","255.52495","238.00001","4094.92222","4088.11754","4095.09768","98.03061","258.32151","0",""
"org.apache.tools.ant.filters.LineContainsRegExp","0","0","0","0","0","0","0","0","8","9","29","1","8","187","0.934203258634379","1","4069.34847","386.00001","396.8123","251.43588","234.00001","4057.7527","4051.08998","4058.16239","95.88012999999999","257.96318","0",""
"org.apache.tools.ant.filters.LineContains","1","0","0","0","0","0","0","0","8","6","26","1","5","173","0.934203258634379","1","4083.28556","386.00001","396.8123","254.23021","237.00001","4071.90299","4065.1107","4072.13777","96.76776","257.96318","0","18"
"org.apache.tools.ant.filters.HeadFilter","0","0","0","0","0","0","0","0","10","6","25","1","5","251","0.926130869317708","1","4005.64165","386.00001","396.35338","253.51331","237.00001","3994.03781","3987.11287","3994.27716","94.86833","257.25668","0",""
"org.apache.tools.ant.filters.ExpandProperties","0","0","0","0","0","0","0","0","4","4","13","1","3","87","0.929662695578328","1","4168.90837","386.00001","397.75872","257.5597","239.00001","4157.8747","4151.12334","4157.99014","101.19289","259.41665","0",""
"org.apache.tools.ant.filters.EscapeUnicode","1","0","0","0","0","0","0","0","5","4","19","1","3","107","0.9648149849833479","1","4148.9947","386","397.51855","257.18865","239","4137.90793","4131.12394","4138.02392","100.2447","259.04826","0","18"
"org.apache.tools.ant.filters.ConcatFilter","1","1","0","0","1","0","0","0","9","5","28","0","5","217","0.928641037662071","1","4039.48474","386.00001","396.58164","254.80385","238.00001","4028.03736","4021.11191","4028.27569","95.81753","258.544","4","88"
"org.apache.tools.ant.filters.ClassConstants","0","1","0","0","1","0","0","0","5","3","20","1","2","168","0.967225274639792","1","4088.2632","386","397.51855","258.11819","240","4077.07003","4070.13378","4077.12901","100.56838","259.04826","4",""
"org.apache.tools.ant.filters.ChainableReader","0","0","0","0","0","0","0","0","1","19","1","19","0","1","1","0","4254.63723","387","399.46214","244.90202","224","4242.91704","4237.14456","4242.86436","105.00476","243.9877","0",""
"org.apache.tools.ant.filters.BaseParamFilterReader","0","0","0","0","0","0","0","0","4","14","7","11","3","22","0.974723144985837","11","4232.7334","376","388.06185","248.30828","229","4222.2147","4216.12144","4222.32365","101.19289","250.15395","0",""
"org.apache.tools.ant.filters.BaseFilterReader","0","0","0","0","0","0","0","0","10","20","21","18","2","151","0.883794158094557","17","4103.71405","370.00002","380.78866","240.47661","223.00003","4093.07928","4087.13323","4093.13388","95.85927","241.40423","0",""
"org.apache.tools.ant.FileScanner","0","0","0","0","0","0","0","0","14","4","14","4","0","14","1","1","4241.60017","386","395.46428","254.00197","239","4230.75608","4224.145","4230.69971","92.84934","253.06126","0",""
"org.apache.tools.ant.ExitException","0","0","0","0","0","0","0","0","3","2","8","2","0","28","0.984771837202186","3","4227.47632","384","396.06186","259.78838","241","4216.89234","4210.14548","4216.83531","103.12129","258.86097","0",""
"org.apache.tools.ant.DynamicConfigurator","0","0","0","0","0","0","0","0","2","4","2","3","1","2","1","0","4253.64138","387","399.21548","258.31183","239","4242.73697","4236.13645","4242.73697","103.73042","258.31183","0",""
"org.apache.tools.ant.DirectoryScanner","1","0","0","0","0","0","0","0","53","37","119","28","9","1739","0.186810977454204","31","2524.22998","356.00093","359.08913","211.29363","206.00161","2507.47622","2499.13525","2508.14613","53.7122","219.10043","0","338"
"org.apache.tools.ant.Diagnostics","0","1","0","0","0","1","0","0","17","4","58","1","4","630","0.684906204317223","2","3628.48302","385.00013","393.84515","253.00198","239.00021","3615.90722","3608.13317","3616.03996","88.60023","254.89213","3",""
"org.apache.tools.ant.DemuxOutputStream","0","0","0","0","0","0","0","0","10","4","30","1","3","252","0.7814063674816319","2","4004.55004","385.00006","395.37956","255.38402","239.0001","3993.15877","3986.12845","3993.27898","95.51963000000001","257.25668","0",""
"org.apache.tools.ant.DemuxInputStream","0","0","0","0","0","0","0","0","3","2","5","1","1","34","0.933727612342549","1","4221.68355","386.00001","398.00126","259.78838","241.00001","4210.90216","4204.13749","4210.90216","102.78619","259.78838","0",""
"org.apache.tools.ant.DefaultLogger","0","0","0","0","0","0","0","0","16","13","39","6","7","341","0.8839752661100591","6","3915.58042","381.00002","390.14997","244.85914","230.00003","3903.78137","3897.10059","3904.13947","88.54376999999999","250.50349","0",""
"org.apache.tools.ant.ComponentHelper","0","0","0","0","0","0","0","0","34","21","132","8","16","1255","7.33112725814802E-7","10","3006.72879","377.00133","382.73359","231.60311","222.00225","2991.2494","2983.06051","2992.16393","68.68042","243.1296","0",""
"org.apache.tools.ant.BuildLogger","0","0","0","0","0","0","0","0","4","5","4","4","1","4","1","1","4251.55877","386","397.75872","256.63203","238","4240.68391","4234.13651","4240.68391","101.84302","256.63203","0",""
"org.apache.tools.ant.BuildListener","0","0","0","0","0","0","0","0","7","9","7","8","1","7","1","1","4248.57117","386","397.04534","251.80349","234","4237.46587","4231.13661","4237.46587","99.0202","251.80349","0",""
"org.apache.tools.ant.BuildException","0","0","0","0","0","0","0","0","15","243","27","242","1","157","0.90261418305115","387","4081","0.09739","85","85","0.09739","4081","4081.14163","4081","91.5478","85","0",""
"org.apache.tools.ant.BuildEvent","0","0","0","0","0","0","0","0","11","12","15","9","4","97","0.940464658780565","13","4157.85486","374","384.44375","247.55201","231.00001","4147.438","4141.11603","4147.54988","94.24436","249.41933","0",""
"org.apache.tools.ant.AntTypeDefinition","0","0","0","0","0","0","0","0","20","11","45","7","4","543","0.697968813818884","8","3714.38636","379.00012","387.35126","245.40579","232.0002","3702.27619","3695.13004","3702.46539","85.79627000000001","248.24383","0",""
"org.apache.tools.ant.AntClassLoader","1","1","0","0","0","0","1","0","49","24","126","18","8","1512","0.146130048729355","15","2751.26516","372.00098","375.47969","224.85996","219.00166","2734.78281","2726.13371","2735.18774","57.70615","229.73245","2","35"
